scenario_uid,source,split,topology_tag,route_length_m,corridor_m,corridor_share_of_route,corridor_channel_units,corridor_offset_m,entry_gap_m,gate_length_m,corridor_lane_types,fold_needs_planar_m,fold_jump_channel_units,reach_covers_fold
waymo:training_20s:9788651373eb207,waymo,train,simple,158.56,158.59,1.0002,71.36,-25.981,0.8876,15.52,LANE_FREEWAY,158.23,70.29,False
waymo:training_20s:664a9690e5c0b9a,waymo,train,simple,139.74,139.74,1.0,62.89,22.006,0.8719,20.57,LANE_SURFACE_STREET,139.55,61.86,False
waymo:training_20s:a41d5565710022dc,waymo,train,intersection,130.48,93.0,0.7128,41.85,-12.417,0.1228,17.23,LANE_SURFACE_STREET,130.2,57.59,False
waymo:training_20s:a925af1e047d1c58,waymo,train,intersection,140.97,93.0,0.6597,41.85,-12.417,0.1231,17.23,LANE_SURFACE_STREET,140.52,62.24,False
waymo:training_20s:f961a05d46ab3b0b,waymo,test,intersection,126.38,93.0,0.7359,41.85,14.102,0.014,6.91,LANE_SURFACE_STREET,126.07,55.74,False
waymo:training_20s:df65f4e586d3a2c4,waymo,train,intersection,155.35,91.0,0.5858,40.95,-12.605,0.0723,11.09,LANE_SURFACE_STREET,154.86,68.69,False
waymo:training_20s:dbdb26efa8f5c690,waymo,validation,intersection,112.24,83.0,0.7395,37.35,10.272,0.0122,3.27,LANE_SURFACE_STREET,112.09,49.45,False
waymo:training_20s:527505e0f54911a6,waymo,validation,intersection,391.67,82.0,0.2094,36.9,39.895,0.0325,10.31,LANE_SURFACE_STREET,391.49,175.18,False
waymo:training_20s:8d054dee8529e2f4,waymo,test,intersection,76.93,76.87,0.9993,34.59,-12.593,1.553,10.47,LANE_SURFACE_STREET,76.38,33.37,False
waymo:training_20s:62aa5cf50ff8a76,waymo,test,simple,77.28,72.0,0.9317,32.4,16.668,0.0548,12.0,LANE_SURFACE_STREET,77.1,33.7,False
waymo:training_20s:dc7873fb59f83420,waymo,train,intersection,113.97,72.0,0.6317,32.4,-8.279,1.7995,4.42,LANE_SURFACE_STREET,112.75,50.1,False
waymo:training_20s:1f0acec6b4544ef6,waymo,train,intersection,78.59,71.0,0.9034,31.95,5.496,0.0145,13.9,LANE_SURFACE_STREET,78.44,34.3,False
waymo:training_20s:82f4f8ee82a8fd07,waymo,train,intersection,68.51,68.45,0.9991,30.8,-9.35,1.514,10.47,LANE_SURFACE_STREET,68.12,29.65,False
waymo:training_20s:1e215c9f95a467b6,waymo,validation,intersection,144.74,68.0,0.4698,30.6,9.358,0.1516,3.41,LANE_SURFACE_STREET,144.34,64.06,False
waymo:training_20s:7afed1e2687d8449,waymo,test,intersection,90.08,67.0,0.7438,30.15,14.985,0.0219,10.24,LANE_SURFACE_STREET,89.91,39.46,False
waymo:training_20s:4672cb02121ed1a8,waymo,train,intersection,94.62,60.0,0.6341,27.0,-8.672,1.0706,72.5,LANE_SURFACE_STREET,94.32,41.45,False
waymo:training_20s:5b64cff15c7b3490,waymo,train,intersection,89.51,56.0,0.6257,25.2,7.118,0.0335,8.69,LANE_SURFACE_STREET,89.23,39.15,False
waymo:training_20s:ee90ee81b8654e40,waymo,test,intersection,75.77,56.0,0.7391,25.2,-10.92,0.2666,13.25,LANE_SURFACE_STREET,75.32,32.9,False
waymo:training_20s:f3afbab5c7b6d7f2,waymo,train,intersection,116.4,55.0,0.4725,24.75,-11.813,1.6706,27.81,LANE_SURFACE_STREET,116.18,51.28,False
waymo:training_20s:9cccdf7d7b210411,waymo,test,intersection,54.28,54.24,0.9991,24.41,-6.859,0.2529,5.71,LANE_SURFACE_STREET,53.99,23.3,False
waymo:training_20s:32e7aab8dfaf6a4f,waymo,test,merge_or_roundabout,356.96,54.0,0.1513,24.3,-11.922,1.8118,10.68,LANE_SURFACE_STREET,356.89,159.6,False
waymo:training_20s:6508fb91f692576f,waymo,validation,intersection,80.46,54.0,0.6712,24.3,51.537,0.1743,3.62,LANE_SURFACE_STREET,79.99,35.1,True
waymo:training_20s:a4d495cb861a64c,waymo,train,intersection,77.69,54.0,0.6951,24.3,-8.074,0.1185,9.89,LANE_SURFACE_STREET,77.24,33.76,False
waymo:training_20s:ca0e5c4b3718575,waymo,train,intersection,87.71,54.0,0.6156,24.3,-5.155,0.1218,13.85,LANE_SURFACE_STREET,87.36,38.31,False
waymo:training_20s:219badce7690fe72,waymo,test,intersection,52.13,52.1,0.9994,23.44,-11.527,1.5916,13.35,LANE_SURFACE_STREET,51.67,22.25,False
waymo:training_20s:631963e838c8e540,waymo,test,intersection,66.46,52.0,0.7824,23.4,-23.275,1.1598,16.51,LANE_SURFACE_STREET,65.78,28.78,False
waymo:training_20s:9839d0a415312e60,waymo,train,intersection,51.26,51.27,1.0002,23.07,11.507,1.4118,4.02,LANE_SURFACE_STREET,51.1,22.0,False
waymo:training_20s:b5235f8e1df15ec0,waymo,train,intersection,107.3,51.0,0.4753,22.95,-11.82,1.6259,108.33,LANE_SURFACE_STREET,106.86,47.09,False
waymo:training_20s:5fdf1a22c0e5a1ff,waymo,train,intersection,50.91,50.86,0.9989,22.89,-8.144,1.5522,13.29,LANE_SURFACE_STREET,50.4,21.68,False
waymo:training_20s:bf426cc8c0cf7488,waymo,train,intersection,178.89,48.0,0.2683,21.6,-8.359,0.4193,15.15,LANE_SURFACE_STREET,178.38,79.27,False
pg:scenarionet_v1:PGMap-29920363,pg,train,merge_or_roundabout,141.96,47.0,0.3311,21.15,-11.36,0.0128,6.67,LANE_SURFACE_STREET,0.0,-1.0,True
waymo:training_20s:5040bfca8d33885,waymo,test,intersection,55.54,47.0,0.8462,21.15,-15.862,0.0447,14.04,LANE_SURFACE_STREET,55.1,23.79,False
waymo:training_20s:df9e1b10f1e7f728,waymo,test,intersection,51.25,47.0,0.917,21.15,-15.806,0.0382,14.04,LANE_SURFACE_STREET,51.17,22.03,False
waymo:training_20s:7df4654a5c8fdbf9,waymo,train,simple,46.73,46.66,0.9986,21.0,8.646,0.1188,13.64,LANE_SURFACE_STREET,46.66,20.0,False
waymo:training_20s:4068b443db072824,waymo,test,intersection,46.36,46.33,0.9995,20.85,-12.423,1.4426,17.23,LANE_SURFACE_STREET,45.84,19.63,False
pg:scenarionet_v1:PGMap-24920241,pg,train,merge_or_roundabout,163.39,46.0,0.2815,20.7,-11.878,0.0127,10.78,LANE_SURFACE_STREET,0.0,-1.0,True
waymo:training_20s:43edec37bd283ede,waymo,test,simple,45.43,45.37,0.9988,20.42,5.351,0.0625,13.63,LANE_SURFACE_STREET,45.35,19.41,False
waymo:training_20s:2e05cff03e6cb3ce,waymo,test,simple,133.67,45.0,0.3366,20.25,-9.159,1.0279,100.62,LANE_SURFACE_STREET,132.99,58.91,False
waymo:training_20s:c5ade58a981c3f57,waymo,train,intersection,148.66,45.0,0.3027,20.25,-12.124,0.1838,14.58,LANE_SURFACE_STREET,148.54,65.85,False
waymo:training_20s:c553b6dc813ec6e3,waymo,train,intersection,44.05,44.01,0.9991,19.8,8.806,0.5136,10.04,LANE_SURFACE_STREET,43.97,18.79,False
pg:scenarionet_v1:PGMap-9920227,pg,train,mixed,134.05,44.0,0.3282,19.8,-13.733,0.0294,9.04,LANE_SURFACE_STREET,0.0,-1.0,True
waymo:training_20s:dab1b76080f06d3b,waymo,test,intersection,45.18,44.0,0.9738,19.8,-7.84,0.5141,16.29,LANE_SURFACE_STREET,44.8,19.16,False
waymo:training_20s:60c54f758a7785c7,waymo,train,intersection,43.35,43.3,0.9989,19.48,-5.147,1.4466,101.72,LANE_SURFACE_STREET,42.95,18.33,False
waymo:training_20s:130769153f4caa9,waymo,train,intersection,145.23,43.0,0.2961,19.35,-7.837,0.1668,10.46,LANE_SURFACE_STREET,145.08,64.29,False
waymo:training_20s:229baa9cba45c7a3,waymo,train,intersection,186.72,43.0,0.2303,19.35,-9.238,1.8512,13.79,LANE_SURFACE_STREET,186.49,82.93,False
waymo:training_20s:c5d7a3e51ec72721,waymo,validation,intersection,42.2,42.18,0.9997,18.98,9.831,1.5946,3.17,LANE_SURFACE_STREET,42.08,17.93,False
waymo:training_20s:9a2aee18d1ce8eb3,waymo,test,intersection,165.16,42.0,0.2543,18.9,-8.284,1.5208,9.88,LANE_SURFACE_STREET,164.91,73.21,False
waymo:training_20s:ef713236bfb70f40,waymo,validation,simple,62.71,42.0,0.6697,18.9,-10.51,0.0394,4.01,LANE_SURFACE_STREET,62.46,27.12,False
waymo:training_20s:3595a5699c0008db,waymo,test,intersection,42.05,41.98,0.9985,18.89,-12.198,1.5924,14.76,LANE_SURFACE_STREET,41.82,17.82,False
pg:scenarionet_v1:PGMap-6000192,pg,train,mixed,153.5,41.0,0.2671,18.45,-12.875,0.0125,12.28,LANE_SURFACE_STREET,0.0,-1.0,True
waymo:training_20s:323293113d60a9c2,waymo,test,intersection,102.82,41.0,0.3988,18.45,6.109,0.3645,10.6,LANE_SURFACE_STREET,102.36,45.06,False
waymo:training_20s:dea51d710fcda412,waymo,test,intersection,86.28,41.0,0.4752,18.45,6.107,0.3602,10.6,LANE_SURFACE_STREET,86.06,37.73,False
waymo:training_20s:f9cb1b3d417d3cb9,waymo,train,intersection,40.59,40.54,0.9986,18.24,-16.501,1.5852,14.76,LANE_SURFACE_STREET,40.2,17.09,False
waymo:training_20s:55fd7cba7a0c29df,waymo,train,intersection,40.19,40.15,0.9989,18.07,-7.614,1.3874,9.84,LANE_SURFACE_STREET,39.95,16.98,False
waymo:training_20s:38544995600767b8,waymo,train,simple,183.22,40.0,0.2183,18.0,-5.241,0.1284,14.09,LANE_SURFACE_STREET,182.86,81.29,False
waymo:training_20s:ea0ce76a809f8aac,waymo,train,intersection,39.8,39.79,0.9998,17.91,-12.223,1.4069,108.91,LANE_SURFACE_STREET,39.66,16.85,False
waymo:training_20s:a6985e0d106c3c14,waymo,validation,merge_or_roundabout,39.76,39.73,0.9993,17.88,-8.486,1.466,10.68,LANE_SURFACE_STREET,39.57,16.81,False
pg:scenarionet_v1:PGMap-4000184,pg,train,merge_or_roundabout,197.93,39.0,0.197,17.55,-14.944,0.013,10.26,LANE_SURFACE_STREET,0.0,-1.0,True
waymo:training_20s:fc1c66336631d264,waymo,train,simple,38.54,38.47,0.9984,17.31,-8.701,1.1418,95.79,LANE_SURFACE_STREET,38.41,16.29,False
pg:scenarionet_v1:PGMap-14920522,pg,train,merge_or_roundabout,137.16,38.0,0.277,17.1,-8.857,0.0399,12.51,LANE_SURFACE_STREET,0.0,-1.0,True
waymo:training_20s:fe2ff2471f1df2a7,waymo,validation,intersection,37.27,37.26,0.9998,16.77,-15.555,1.4982,105.53,LANE_SURFACE_STREET,36.97,15.64,False
waymo:training_20s:f0d97c949ccc3646,waymo,train,merge_or_roundabout,53.99,37.0,0.6854,16.65,-5.056,1.5539,43.35,LANE_SURFACE_STREET,53.6,23.12,False
waymo:training_20s:1ea6d7bf83017391,waymo,validation,intersection,36.85,36.79,0.9984,16.56,-5.546,1.7664,101.66,LANE_SURFACE_STREET,36.52,15.43,False
waymo:training_20s:b66e1a91a9de0380,waymo,test,intersection,36.53,36.49,0.9988,16.42,12.625,0.6224,10.58,LANE_SURFACE_STREET,36.29,15.33,False
pg:scenarionet_v1:PGMap-19920648,pg,train,merge_or_roundabout,203.35,36.0,0.177,16.2,-11.676,0.0113,6.99,LANE_SURFACE_STREET,0.0,-1.0,True
waymo:training_20s:3828a8d89bd04543,waymo,train,merge_or_roundabout,94.15,36.0,0.3824,16.2,-5.234,0.0573,90.4,LANE_SURFACE_STREET,93.99,41.29,False
waymo:training_20s:bcf1201797a09e9,waymo,test,intersection,44.81,36.0,0.8034,16.2,10.394,0.6695,4.39,LANE_SURFACE_STREET,43.95,19.24,False
waymo:training_20s:cbbb1970212df555,waymo,test,intersection,37.68,36.0,0.9555,16.2,-4.972,0.1912,77.03,LANE_SURFACE_STREET,37.15,15.72,False
waymo:training_20s:16c4bb209b57dcac,waymo,train,intersection,35.61,35.55,0.9985,16.0,7.637,1.5815,3.3,LANE_SURFACE_STREET,35.4,14.93,False
waymo:training_20s:60abc1640b389234,waymo,test,intersection,75.88,35.0,0.4612,15.75,4.016,0.0271,11.31,LANE_SURFACE_STREET,75.54,33.01,False
waymo:training_20s:1fb03a290addd4d2,waymo,test,intersection,34.62,34.59,0.9991,15.56,-8.183,1.6504,14.97,LANE_SURFACE_STREET,34.55,14.55,False
waymo:training_20s:31c06313362b13db,waymo,train,intersection,34.57,34.52,0.9986,15.53,-11.313,1.4103,9.74,LANE_SURFACE_STREET,34.26,14.42,False
pg:scenarionet_v1:PGMap-7920314,pg,train,merge_or_roundabout,392.21,34.0,0.0867,15.3,-8.55,0.0139,11.59,LANE_SURFACE_STREET,303.8,175.0,False
waymo:training_20s:95bc2bbbb70b2a50,waymo,train,simple,94.04,34.0,0.3615,15.3,65.962,0.9527,15.11,LANE_SURFACE_STREET,93.78,41.22,True
waymo:training_20s:8efa72d89b3a3617,waymo,train,merge_or_roundabout,33.56,33.52,0.9989,15.09,-11.097,1.2481,25.52,LANE_SURFACE_STREET,33.46,14.06,False
pg:scenarionet_v1:PGMap-4000358,pg,validation,merge_or_roundabout,387.5,33.0,0.0852,14.85,-8.965,0.0124,8.55,LANE_SURFACE_STREET,299.56,172.28,False
pg:scenarionet_v1:PGMap-4920202,pg,train,merge_or_roundabout,202.56,33.0,0.1629,14.85,-12.922,0.0408,8.23,LANE_SURFACE_STREET,0.0,-1.0,True
waymo:training_20s:1338a2377de035ed,waymo,test,intersection,73.93,33.0,0.4464,14.85,-11.747,0.1675,103.55,LANE_SURFACE_STREET,73.66,32.15,False
waymo:training_20s:2a6bdb5319d22e2b,waymo,test,intersection,39.12,33.0,0.8435,14.85,-8.732,1.8286,12.66,LANE_SURFACE_STREET,38.91,16.51,False
waymo:training_20s:65f03047694419bc,waymo,train,intersection,62.48,33.0,0.5281,14.85,-4.978,0.3013,6.14,LANE_SURFACE_STREET,62.04,26.92,False
waymo:training_20s:78fa82ba06dc5a,waymo,train,intersection,37.06,33.0,0.8905,14.85,6.992,0.0124,6.87,LANE_SURFACE_STREET,36.9,15.6,False
waymo:training_20s:9fc507edc4a6dbe4,waymo,test,intersection,39.69,33.0,0.8314,14.85,-8.733,1.8339,12.66,LANE_SURFACE_STREET,39.46,16.76,False
waymo:training_20s:e7759dd9063577b8,waymo,validation,merge_or_roundabout,292.98,33.0,0.1126,14.85,11.41,0.0228,4.3,LANE_FREEWAY,292.82,130.78,False
waymo:training_20s:a91b22a1208dd56f,waymo,test,intersection,32.54,32.5,0.9986,14.62,-4.78,1.2367,9.89,LANE_SURFACE_STREET,32.1,13.44,False
waymo:training_20s:6ebbd3c826cf9eda,waymo,test,simple,128.83,32.0,0.2484,14.4,-12.393,0.126,101.42,LANE_SURFACE_STREET,128.49,56.82,False
waymo:training_20s:8af6a78dbd958d0b,waymo,validation,intersection,60.67,32.0,0.5275,14.4,-4.818,1.6841,77.4,LANE_SURFACE_STREET,60.38,26.17,False
waymo:training_20s:9aa584dd2bb7fb68,waymo,test,merge_or_roundabout,112.55,32.0,0.2843,14.4,47.997,0.0168,10.15,LANE_SURFACE_STREET,112.16,49.47,False
waymo:training_20s:a9357df9a5aa15f4,waymo,test,intersection,34.46,32.0,0.9287,14.4,6.003,0.0824,10.45,LANE_SURFACE_STREET,34.24,14.41,False
waymo:training_20s:e5c20e2ccc9da8a1,waymo,test,intersection,216.96,32.0,0.1475,14.4,8.703,0.0177,6.86,LANE_SURFACE_STREET,216.88,96.62,False
waymo:training_20s:b81db0f8f793211e,waymo,train,simple,37.83,31.0,0.8195,13.95,-37.233,0.0771,23.32,LANE_SURFACE_STREET,37.47,15.86,True
waymo:training_20s:d04c4e5afff51696,waymo,train,intersection,30.73,30.69,0.9985,13.81,-7.499,0.3347,87.56,LANE_SURFACE_STREET,30.3,12.63,False
waymo:training_20s:efc25189b771bca1,waymo,test,intersection,30.2,30.2,0.9998,13.59,-4.909,1.5397,14.44,LANE_SURFACE_STREET,29.63,12.48,False
pg:scenarionet_v1:PGMap-24921457,pg,train,merge_or_roundabout,129.49,30.0,0.2317,13.5,-8.04,0.0104,10.35,LANE_SURFACE_STREET,0.0,-1.0,True
waymo:training_20s:87db55a9a18a0079,waymo,train,merge_or_roundabout,89.32,30.0,0.3359,13.5,8.609,0.0768,6.85,LANE_SURFACE_STREET,89.25,39.17,False
waymo:training_20s:e477b9ee86a7d9db,waymo,validation,intersection,73.75,30.0,0.4068,13.5,-46.308,0.065,3.88,LANE_SURFACE_STREET,67.75,32.27,True
waymo:training_20s:8d3c7e9794b5b4c8,waymo,train,intersection,29.69,29.63,0.9983,13.34,-7.554,1.1322,9.9,LANE_SURFACE_STREET,29.35,12.21,False
waymo:training_20s:28675a8abd6838f2,waymo,train,simple,48.09,28.0,0.5822,12.6,-12.038,0.2937,69.39,LANE_SURFACE_STREET,47.9,20.56,False
waymo:training_20s:4de0b8a60331a2b9,waymo,test,intersection,106.59,28.0,0.2627,12.6,-14.883,0.0463,3.41,LANE_SURFACE_STREET,106.15,46.77,False
waymo:training_20s:69ef5402fc2779ae,waymo,train,simple,41.27,28.0,0.6784,12.6,-12.268,0.2473,78.14,LANE_SURFACE_STREET,41.01,17.45,False
waymo:training_20s:71f5dfdd8f4417bf,waymo,test,intersection,27.87,27.82,0.9981,12.52,-12.439,1.3888,17.24,LANE_SURFACE_STREET,27.43,11.34,False
waymo:training_20s:83fdcf5d74dc4428,waymo,train,intersection,27.7,27.65,0.998,12.44,-14.566,1.2295,76.0,LANE_SURFACE_STREET,27.27,11.27,True
waymo:training_20s:ee034556dd22665e,waymo,test,intersection,88.68,27.0,0.3045,12.15,3.838,0.0271,11.41,LANE_SURFACE_STREET,88.44,38.83,False
waymo:training_20s:96420deb4741df5,waymo,test,intersection,26.91,26.88,0.999,12.1,-7.975,1.4849,10.5,LANE_SURFACE_STREET,26.45,10.9,False
waymo:training_20s:41f5852ba2504994,waymo,train,intersection,26.35,26.3,0.9983,11.84,-11.442,1.5003,13.64,LANE_SURFACE_STREET,26.17,10.77,False
waymo:training_20s:1b025aab528b5b57,waymo,train,intersection,63.77,26.0,0.4077,11.7,-14.14,0.1048,3.43,LANE_SURFACE_STREET,63.57,27.61,False
waymo:training_20s:665727e366d4f004,waymo,test,merge_or_roundabout,36.89,26.0,0.7047,11.7,42.082,0.1803,27.25,LANE_SURFACE_STREET,36.63,15.48,True
waymo:training_20s:8a797db9154f27e1,waymo,test,intersection,307.09,26.0,0.0847,11.7,-12.536,0.223,103.71,LANE_SURFACE_STREET,306.7,137.01,False
waymo:training_20s:e67b27ca6677b990,waymo,train,intersection,25.45,25.4,0.9981,11.43,-7.973,1.4982,96.2,LANE_SURFACE_STREET,25.16,10.32,False
pg:scenarionet_v1:PGMap-19920278,pg,train,mixed,195.31,25.0,0.128,11.25,-12.884,0.0223,8.86,LANE_SURFACE_STREET,0.0,-1.0,True
waymo:training_20s:2b336ea8deadf834,waymo,test,intersection,115.61,25.0,0.2162,11.25,-11.953,0.1562,9.87,LANE_SURFACE_STREET,115.27,50.88,False
waymo:training_20s:230342fd670af8ab,waymo,test,intersection,24.83,24.81,0.9994,11.17,-4.715,1.517,9.84,LANE_SURFACE_STREET,24.71,10.12,False
waymo:training_20s:c41eaf486808758,waymo,train,intersection,24.48,24.47,0.9993,11.01,-11.264,0.7545,55.87,LANE_SURFACE_STREET,24.09,9.84,True
waymo:training_20s:3d12e341d60ba241,waymo,test,simple,24.3,24.25,0.9981,10.91,-8.105,1.2773,10.02,LANE_SURFACE_STREET,24.18,9.88,False
waymo:training_20s:7d86309895a23fe6,waymo,validation,intersection,24.23,24.18,0.9981,10.88,-12.2,1.4658,10.77,LANE_SURFACE_STREET,24.0,9.8,True
pg:scenarionet_v1:PGMap-29920281,pg,train,mixed,181.15,24.0,0.1325,10.8,-14.351,0.0207,10.52,LANE_SURFACE_STREET,139.57,79.97,False
waymo:training_20s:1389455e780d7f0b,waymo,train,intersection,34.75,24.0,0.6907,10.8,-5.819,0.1106,6.73,LANE_SURFACE_STREET,34.41,14.49,False
waymo:training_20s:c6b525dfe4f395e5,waymo,validation,intersection,135.71,24.0,0.1769,10.8,-8.485,0.2962,85.78,LANE_SURFACE_STREET,135.64,60.04,False
waymo:training_20s:c9449fd2ac1230e,waymo,test,intersection,23.69,23.64,0.9979,10.64,-11.362,1.2536,16.32,LANE_SURFACE_STREET,23.29,9.48,True
waymo:training_20s:cb034216c4c21e2c,waymo,train,merge_or_roundabout,23.56,23.5,0.9976,10.57,-15.014,1.6767,80.63,LANE_SURFACE_STREET,23.22,9.45,True
waymo:training_20s:cc70a6d945a4afff,waymo,test,simple,118.58,23.0,0.194,10.35,-5.031,1.2668,59.62,LANE_SURFACE_STREET,118.46,52.31,False
waymo:training_20s:c8431f0cb4fca240,waymo,train,merge_or_roundabout,22.87,22.83,0.9982,10.27,-7.658,1.2932,9.81,LANE_SURFACE_STREET,22.67,9.2,False
waymo:training_20s:dca93b6297d62f12,waymo,train,intersection,22.48,22.43,0.9979,10.1,-14.219,1.1184,3.42,LANE_SURFACE_STREET,21.96,8.88,True
waymo:training_20s:395e3cd0314e1561,waymo,train,intersection,22.17,22.11,0.9974,9.95,-4.798,1.5971,89.77,LANE_SURFACE_STREET,21.63,8.73,False
waymo:training_20s:4d1cb37e439ef116,waymo,test,simple,67.45,22.0,0.3262,9.9,47.54,0.5997,15.19,LANE_SURFACE_STREET,66.98,29.15,True
waymo:training_20s:27cce46bdadd4c25,waymo,train,intersection,21.07,21.04,0.9986,9.47,-7.996,1.1706,10.18,LANE_SURFACE_STREET,20.82,8.37,False
pg:scenarionet_v1:PGMap-29921407,pg,train,mixed,330.97,21.0,0.0634,9.45,-15.797,0.0385,12.41,LANE_SURFACE_STREET,231.75,147.56,False
waymo:training_20s:d11171e2f830e143,waymo,train,intersection,118.29,21.0,0.1775,9.45,-7.746,0.4283,10.67,LANE_SURFACE_STREET,118.14,52.16,False
waymo:training_20s:a2742926c41e9794,waymo,test,merge_or_roundabout,20.94,20.92,0.999,9.41,-12.012,1.5392,10.38,LANE_SURFACE_STREET,20.71,8.32,True
waymo:training_20s:9c17492ed01320f8,waymo,train,simple,19.47,19.42,0.9976,8.74,-8.102,1.2675,16.27,LANE_SURFACE_STREET,19.29,7.68,False
waymo:training_20s:b6bfc23c522d65d1,waymo,train,simple,19.51,19.4,0.9941,8.73,-14.732,0.9347,65.24,LANE_SURFACE_STREET,18.9,7.51,True
waymo:training_20s:d6daac483f432f29,waymo,train,intersection,19.15,19.13,0.9991,8.61,-11.108,1.8153,6.38,LANE_SURFACE_STREET,18.88,7.5,True
waymo:training_20s:a351e215c0ec683,waymo,test,intersection,19.1,19.05,0.9972,8.57,-11.527,1.6297,13.29,LANE_SURFACE_STREET,18.9,7.5,True
pg:scenarionet_v1:PGMap-19920730,pg,train,mixed,111.73,19.0,0.17,8.55,-15.229,0.038,12.19,LANE_SURFACE_STREET,0.0,-1.0,True
waymo:training_20s:760d1254c23f7046,waymo,train,intersection,46.17,19.0,0.4115,8.55,-3.549,0.0824,3.3,LANE_SURFACE_STREET,45.89,19.65,False
waymo:training_20s:c9672501a2509102,waymo,train,simple,45.95,19.0,0.4135,8.55,48.884,1.3756,14.84,LANE_FREEWAY,45.48,19.46,True
waymo:training_20s:5bcfe76645d31a72,waymo,train,intersection,19.0,18.95,0.9974,8.53,-14.565,1.2241,76.2,LANE_SURFACE_STREET,18.7,7.41,True
waymo:training_20s:fd159a092694ce39,waymo,train,intersection,18.97,18.91,0.997,8.51,-11.101,1.2928,41.03,LANE_SURFACE_STREET,18.71,7.42,True
waymo:training_20s:ea3d7652e176db96,waymo,test,simple,18.77,18.74,0.9986,8.43,-11.48,1.2627,10.03,LANE_SURFACE_STREET,18.34,7.25,True
waymo:training_20s:165fac7d0933dee9,waymo,validation,merge_or_roundabout,18.42,18.41,0.999,8.28,23.587,0.0342,10.16,LANE_SURFACE_STREET,17.91,7.06,True
waymo:training_20s:360d8f8d714b09c8,waymo,test,intersection,18.17,18.12,0.997,8.15,-12.2,1.4578,10.77,LANE_SURFACE_STREET,18.09,7.14,True
waymo:training_20s:83232b5d420b2d49,waymo,train,simple,18.1,18.03,0.9961,8.11,5.467,1.2828,13.66,LANE_SURFACE_STREET,17.96,7.08,False
waymo:training_20s:36fde754a79b1aed,waymo,test,intersection,46.39,18.0,0.388,8.1,-7.877,0.562,44.72,LANE_SURFACE_STREET,46.05,19.72,False
waymo:training_20s:99febdf3bd786928,waymo,test,intersection,37.44,18.0,0.4808,8.1,3.844,0.0283,7.13,LANE_SURFACE_STREET,37.22,15.75,False
waymo:training_20s:cd344e1d7fc7c4f5,waymo,train,intersection,39.76,18.0,0.4527,8.1,-4.979,0.4902,5.05,LANE_SURFACE_STREET,39.62,16.83,False
waymo:training_20s:d6f6ab4992915b13,waymo,test,intersection,17.47,17.42,0.9972,7.84,-11.287,1.1835,9.9,LANE_SURFACE_STREET,17.29,6.78,True
waymo:training_20s:3cd7a94067acc46f,waymo,test,intersection,17.26,17.22,0.9976,7.75,-11.813,1.3968,108.39,LANE_SURFACE_STREET,16.83,6.57,True
waymo:training_20s:a1a8352592a92a1a,waymo,validation,intersection,16.64,16.59,0.9969,7.46,-8.671,1.8076,74.06,LANE_SURFACE_STREET,16.33,6.35,True
waymo:training_20s:d7c988f571e67da1,waymo,train,intersection,16.59,16.54,0.9969,7.44,-16.375,1.4738,14.66,LANE_SURFACE_STREET,16.43,6.39,True
waymo:training_20s:ba26be912aaac994,waymo,validation,intersection,16.47,16.42,0.9971,7.39,-11.555,1.1794,62.27,LANE_SURFACE_STREET,16.27,6.32,True
waymo:training_20s:1c3fe791a0efae1b,waymo,train,simple,58.09,16.0,0.2754,7.2,21.559,0.0124,11.38,LANE_SURFACE_STREET,57.84,25.04,False
waymo:training_20s:35032fc748002a8e,waymo,test,intersection,16.06,15.98,0.9952,7.19,-14.432,1.2873,56.98,LANE_SURFACE_STREET,15.66,6.05,True
waymo:training_20s:16951a513b81adcc,waymo,train,intersection,15.8,15.77,0.9978,7.1,-5.3,1.5358,16.74,LANE_SURFACE_STREET,15.46,5.96,False
waymo:training_20s:307e271aa0e35fda,waymo,test,intersection,15.63,15.57,0.9966,7.01,-11.527,1.6247,13.35,LANE_SURFACE_STREET,15.37,5.92,True
waymo:training_20s:4175188662068fe9,waymo,test,intersection,15.39,15.35,0.9972,6.91,-14.676,1.2352,41.73,LANE_SURFACE_STREET,15.23,5.85,True
waymo:training_20s:e3c7802dfbf537ea,waymo,train,intersection,15.24,15.21,0.9983,6.84,-3.544,0.0371,3.3,LANE_SURFACE_STREET,14.95,5.73,False
waymo:training_20s:e505b40e76e2d392,waymo,train,intersection,15.2,15.17,0.9985,6.83,-11.886,1.2862,13.39,LANE_SURFACE_STREET,15.02,5.76,True
waymo:training_20s:c7a8ae1bd60a30a5,waymo,train,intersection,15.07,15.02,0.9971,6.76,-8.074,1.1777,9.89,LANE_SURFACE_STREET,14.71,5.62,True
waymo:training_20s:6f664af9b8e2b780,waymo,test,intersection,105.15,15.0,0.1427,6.75,-10.972,0.148,11.61,LANE_SURFACE_STREET,105.01,46.26,False
waymo:training_20s:749234ad86c91233,waymo,train,intersection,111.86,15.0,0.1341,6.75,-7.761,0.1341,10.62,LANE_SURFACE_STREET,111.62,49.23,False
waymo:training_20s:e8ae16f788c46030,waymo,test,intersection,29.05,15.0,0.5163,6.75,-3.414,0.9838,3.44,LANE_SURFACE_STREET,28.79,11.96,False
waymo:training_20s:ea23c0e77fcb953c,waymo,train,intersection,150.46,15.0,0.0997,6.75,-10.976,0.3961,11.66,LANE_SURFACE_STREET,150.18,66.58,False
waymo:training_20s:5d46a96f9ea9bbe9,waymo,test,intersection,14.82,14.8,0.9986,6.66,-15.829,1.4919,10.39,LANE_SURFACE_STREET,14.6,5.57,True
waymo:training_20s:fbc5574c5b65b3d6,waymo,test,intersection,14.58,14.52,0.9959,6.53,-8.672,1.8018,71.34,LANE_SURFACE_STREET,14.19,5.39,True
waymo:training_20s:64df81b106e8788f,waymo,validation,merge_or_roundabout,14.06,14.05,0.9987,6.32,-11.604,1.4298,16.43,LANE_SURFACE_STREET,13.68,5.16,True
pg:scenarionet_v1:PGMap-19921245,pg,train,merge_or_roundabout,264.01,14.0,0.053,6.3,-11.345,0.0379,9.19,LANE_SURFACE_STREET,197.47,117.08,False
waymo:training_20s:827e40cd44576c84,waymo,train,intersection,21.53,14.0,0.6503,6.3,-18.382,0.0777,34.55,LANE_SURFACE_STREET,21.21,8.55,True
waymo:training_20s:32ec19df6045b8e8,waymo,validation,intersection,13.88,13.85,0.9982,6.23,-7.924,1.2305,104.97,LANE_SURFACE_STREET,13.68,5.16,True
waymo:training_20s:59534aabcb437439,waymo,test,intersection,13.52,13.48,0.997,6.07,-12.426,1.8148,14.84,LANE_SURFACE_STREET,13.27,4.97,True
waymo:training_20s:415d15786f4780c0,waymo,test,intersection,13.48,13.46,0.9982,6.06,-8.486,1.4249,10.72,LANE_SURFACE_STREET,13.3,4.99,True
waymo:training_20s:7e30f87a5c6fded5,waymo,train,intersection,19.44,13.0,0.6686,5.85,-17.228,0.0921,32.68,LANE_SURFACE_STREET,19.3,7.69,True
waymo:training_20s:6300655bd290e39b,waymo,train,intersection,12.8,12.78,0.9986,5.75,7.704,1.4435,3.28,LANE_SURFACE_STREET,12.67,4.7,True
waymo:training_20s:64057bf5c347fe65,waymo,train,intersection,12.59,12.6,1.0006,5.67,-15.086,1.2359,6.49,LANE_SURFACE_STREET,12.43,4.59,True
waymo:training_20s:39f326f2b4c3c3a,waymo,train,intersection,12.6,12.56,0.9968,5.65,6.951,0.05,6.85,LANE_SURFACE_STREET,12.44,4.6,True
waymo:training_20s:4ed8563620d78536,waymo,test,intersection,12.54,12.5,0.997,5.63,-12.059,1.4182,10.73,LANE_SURFACE_STREET,12.03,4.41,True
waymo:training_20s:5716af503e89250f,waymo,train,simple,12.46,12.41,0.9961,5.59,-8.456,1.6844,14.96,LANE_SURFACE_STREET,12.27,4.52,True
waymo:training_20s:e5f6e55de094caab,waymo,train,intersection,12.19,12.15,0.9966,5.47,-3.858,0.0965,3.83,LANE_SURFACE_STREET,11.75,4.29,False
waymo:training_20s:1a39039a0953a318,waymo,test,intersection,41.41,12.0,0.2898,5.4,-8.747,1.8339,12.7,LANE_SURFACE_STREET,41.23,17.55,False
waymo:training_20s:4e2f5a22454b529e,waymo,train,intersection,52.78,12.0,0.2274,5.4,40.35,1.4577,48.66,LANE_SURFACE_STREET,52.21,22.51,True
waymo:training_20s:9557cb00f580b12c,waymo,train,intersection,13.01,12.0,0.9224,5.4,-15.446,0.0944,31.78,LANE_SURFACE_STREET,12.57,4.66,True
waymo:training_20s:d0e476bfea958b7f,waymo,train,intersection,11.79,11.74,0.9956,5.28,-4.951,1.5038,95.73,LANE_SURFACE_STREET,11.38,4.12,True
waymo:training_20s:90d0d176d789e905,waymo,train,intersection,11.71,11.69,0.9988,5.26,11.553,0.783,17.52,LANE_SURFACE_STREET,11.64,4.24,True
waymo:training_20s:bf74ed6eb08c6078,waymo,train,merge_or_roundabout,11.44,11.38,0.9944,5.12,-7.163,0.0331,37.25,LANE_SURFACE_STREET,10.91,3.91,True
waymo:training_20s:42cbc07b6bfd3d00,waymo,validation,intersection,11.39,11.37,0.9987,5.12,-7.587,0.8891,9.86,LANE_SURFACE_STREET,11.2,4.04,True
waymo:training_20s:d5b26fea3b65b2df,waymo,train,simple,11.35,11.3,0.9953,5.08,-12.174,1.4676,10.74,LANE_SURFACE_STREET,11.23,4.05,True
waymo:training_20s:b0268ecd629c4914,waymo,train,intersection,11.14,11.05,0.9925,4.97,-12.057,1.7799,105.74,LANE_SURFACE_STREET,10.96,3.93,True
waymo:training_20s:dc37501d655a357e,waymo,test,simple,43.26,11.0,0.2543,4.95,36.008,0.7948,15.15,LANE_FREEWAY,43.1,18.39,True
waymo:training_20s:98e9d12fc5e0f936,waymo,test,intersection,10.95,10.9,0.9953,4.91,-11.09,1.2726,56.65,LANE_SURFACE_STREET,10.6,3.77,True
waymo:training_20s:8713a93abaaa5fa8,waymo,train,intersection,10.82,10.8,0.9986,4.86,11.767,0.7842,17.67,LANE_SURFACE_STREET,10.65,3.79,True
waymo:training_20s:beac7dd5807d387e,waymo,train,merge_or_roundabout,10.39,10.37,0.9981,4.67,-8.771,1.4755,14.54,LANE_SURFACE_STREET,10.21,3.6,True
waymo:training_20s:de0d757b66cf419e,waymo,test,intersection,10.36,10.33,0.9975,4.65,-15.164,1.5028,98.74,LANE_SURFACE_STREET,10.21,3.59,True
waymo:training_20s:347a51a82b0fc0fb,waymo,test,simple,114.4,10.0,0.0874,4.5,22.038,0.0107,10.12,LANE_SURFACE_STREET,114.34,50.45,False
waymo:training_20s:f9474dc53d01af9a,waymo,train,intersection,20.71,10.0,0.4829,4.5,-10.518,0.0125,7.07,LANE_SURFACE_STREET,20.6,8.28,True
waymo:training_20s:674e7c2ee843c21a,waymo,train,simple,10.04,9.99,0.9951,4.49,-12.255,1.5505,108.94,LANE_SURFACE_STREET,9.94,3.47,True
waymo:training_20s:3352da2ecbbabeb0,waymo,train,intersection,84.36,9.0,0.1067,4.05,7.39,0.0411,7.35,LANE_SURFACE_STREET,84.06,36.83,False
waymo:training_20s:5e8534d7c4b5551,waymo,train,intersection,148.16,8.0,0.054,3.6,-11.647,0.1492,11.3,LANE_SURFACE_STREET,148.09,65.64,False
waymo:training_20s:238103fcf089da1a,waymo,test,intersection,82.91,7.0,0.0844,3.15,-5.996,0.0211,4.24,LANE_SURFACE_STREET,82.8,36.26,False
waymo:training_20s:5a34e38acd071ff,waymo,train,intersection,65.72,7.0,0.1065,3.15,-5.257,0.4416,7.2,LANE_SURFACE_STREET,65.54,28.5,False
waymo:training_20s:e58a9c5ef972d825,waymo,train,intersection,21.04,7.0,0.3327,3.15,3.348,0.0998,46.0,LANE_SURFACE_STREET,20.83,8.37,False
waymo:training_20s:1045c02314af50e3,waymo,test,intersection,92.72,6.0,0.0647,2.7,-41.415,0.7597,2.68,LANE_SURFACE_STREET,92.5,40.63,False
waymo:training_20s:b2357d6ec33f9bc2,waymo,train,intersection,168.82,6.0,0.0355,2.7,-4.875,0.3313,9.75,LANE_SURFACE_STREET,168.38,74.77,False
waymo:training_20s:52fcc1dc16c21b56,waymo,train,intersection,195.83,5.0,0.0255,2.25,-6.84,0.097,3.13,LANE_SURFACE_STREET,195.74,87.08,False
waymo:training_20s:93f7e25dd3e5d93e,waymo,test,intersection,90.05,5.0,0.0555,2.25,-12.288,1.8388,10.03,LANE_SURFACE_STREET,89.98,39.49,False
waymo:training_20s:ba99c6e595b1c6de,waymo,train,intersection,40.27,5.0,0.1242,2.25,22.077,0.8255,103.01,LANE_SURFACE_STREET,39.99,16.99,True
waymo:training_20s:e3984908169fe14e,waymo,test,intersection,16.19,5.0,0.3089,2.25,4.251,0.0563,11.18,LANE_SURFACE_STREET,15.74,6.09,False
pg:scenarionet_v1:PGMap-24921495,pg,train,mixed,61.44,4.0,0.0651,1.8,-10.258,0.4917,22.43,LANE_SURFACE_UNSTRUCTURE,0.0,-1.0,True
pg:scenarionet_v1:PGMap-7920100,pg,train,merge_or_roundabout,357.5,4.0,0.0112,1.8,-3.884,0.0233,10.58,LANE_SURFACE_STREET,231.64,159.82,False
waymo:training_20s:28359ab7e28908ce,waymo,train,simple,57.94,4.0,0.069,1.8,-8.447,1.7751,10.7,LANE_SURFACE_STREET,57.9,25.06,False
waymo:training_20s:91d4de8e81a45901,waymo,train,intersection,15.79,4.0,0.2533,1.8,-8.726,0.1532,5.83,LANE_SURFACE_STREET,15.8,6.43,True
waymo:training_20s:d6bb550c1822d06d,waymo,train,intersection,83.53,4.0,0.0479,1.8,5.755,0.0192,12.15,LANE_SURFACE_STREET,83.31,36.49,False
pg:scenarionet_v1:PGMap-19920209,pg,train,intersection,225.82,3.0,0.0133,1.35,-10.342,0.7526,28.71,LANE_SURFACE_UNSTRUCTURE,189.54,100.19,False
pg:scenarionet_v1:PGMap-24921672,pg,train,mixed,176.65,3.0,0.017,1.35,22.571,1.135,11.85,LANE_SURFACE_UNSTRUCTURE,0.0,-1.0,True
pg:scenarionet_v1:PGMap-4920204,pg,train,mixed,64.09,3.0,0.0468,1.35,-10.094,1.2088,28.7,LANE_SURFACE_UNSTRUCTURE,0.0,-1.0,True
waymo:training_20s:4a01907e6659ab68,waymo,validation,intersection,28.52,3.0,0.1052,1.35,-15.62,0.1515,16.94,LANE_SURFACE_STREET,28.13,11.66,True
waymo:training_20s:df1065effe5f3fc1,waymo,train,intersection,26.14,3.0,0.1148,1.35,-7.529,0.0106,7.24,LANE_SURFACE_STREET,25.91,10.68,False
waymo:training_20s:e62cac85032e27ae,waymo,train,intersection,52.36,3.0,0.0573,1.35,22.152,1.108,25.83,LANE_SURFACE_STREET,52.19,22.49,False
pg:scenarionet_v1:PGMap-14920215,pg,train,mixed,56.94,2.0,0.0351,0.9,-9.71,0.0127,14.32,LANE_SURFACE_UNSTRUCTURE,0.0,-1.0,True
pg:scenarionet_v1:PGMap-14920882,pg,test,mixed,186.0,2.0,0.0108,0.9,-13.388,0.2556,27.8,LANE_SURFACE_UNSTRUCTURE,0.0,-1.0,True
pg:scenarionet_v1:PGMap-14921064,pg,train,intersection,269.13,2.0,0.0074,0.9,-8.932,0.4179,10.44,LANE_SURFACE_UNSTRUCTURE,155.66,119.64,False
pg:scenarionet_v1:PGMap-19921300,pg,train,mixed,66.55,2.0,0.0301,0.9,-16.446,0.6698,12.99,LANE_SURFACE_UNSTRUCTURE,0.0,-1.0,True
pg:scenarionet_v1:PGMap-24920079,pg,train,mixed,138.97,2.0,0.0144,0.9,-11.659,1.2196,32.32,LANE_SURFACE_UNSTRUCTURE,123.42,61.36,False
pg:scenarionet_v1:PGMap-24920666,pg,test,intersection,125.16,2.0,0.016,0.9,-9.546,0.0173,31.9,LANE_SURFACE_UNSTRUCTURE,0.0,-1.0,True
pg:scenarionet_v1:PGMap-29920115,pg,train,intersection,151.88,2.0,0.0132,0.9,-11.949,0.8514,63.6,LANE_SURFACE_UNSTRUCTURE,129.49,66.97,False
pg:scenarionet_v1:PGMap-3920265,pg,train,intersection,63.1,2.0,0.0317,0.9,-11.322,1.5508,27.66,LANE_SURFACE_UNSTRUCTURE,0.0,-1.0,True
pg:scenarionet_v1:PGMap-4920111,pg,train,mixed,186.23,2.0,0.0107,0.9,-13.305,0.8913,23.45,LANE_SURFACE_UNSTRUCTURE,0.0,-1.0,True
pg:scenarionet_v1:PGMap-5000070,pg,test,intersection,66.41,2.0,0.0301,0.9,-12.263,0.4759,34.68,LANE_SURFACE_UNSTRUCTURE,0.0,-1.0,True
waymo:training_20s:32b2c2cffb36fa8,waymo,train,intersection,115.32,2.0,0.0173,0.9,-8.875,0.8867,11.73,LANE_SURFACE_STREET,114.68,50.64,False
waymo:training_20s:5c7a350ec87f2c7c,waymo,train,intersection,85.64,2.0,0.0234,0.9,-8.743,0.03,6.08,LANE_SURFACE_STREET,85.19,37.38,False
waymo:training_20s:6bf3047c91daa872,waymo,train,intersection,132.55,2.0,0.0151,0.9,34.147,0.9279,13.8,LANE_SURFACE_STREET,132.43,58.6,False
waymo:training_20s:773833134ed164dc,waymo,train,intersection,58.43,2.0,0.0342,0.9,-13.036,0.0192,24.2,LANE_SURFACE_STREET,57.9,25.05,False
waymo:training_20s:8a61539920e12ba1,waymo,train,intersection,109.68,2.0,0.0182,0.9,5.023,0.017,6.15,LANE_SURFACE_STREET,109.21,48.16,False
waymo:training_20s:a244c5cf3ee04f5a,waymo,test,intersection,98.82,2.0,0.0202,0.9,-5.885,0.8391,6.41,LANE_SURFACE_STREET,98.73,43.43,False
waymo:training_20s:bcfba23117b7c7cf,waymo,test,intersection,30.84,2.0,0.0648,0.9,18.66,0.4334,9.34,LANE_SURFACE_STREET,30.47,12.71,True
pg:scenarionet_v1:PGMap-13920156,pg,train,intersection,56.32,1.0,0.0178,0.45,-8.637,0.0107,29.15,LANE_SURFACE_UNSTRUCTURE,0.0,-1.0,True
pg:scenarionet_v1:PGMap-14920593,pg,train,mixed,268.54,1.0,0.0037,0.45,-7.893,0.846,21.92,LANE_SURFACE_UNSTRUCTURE,0.0,-1.0,True
pg:scenarionet_v1:PGMap-14920624,pg,train,mixed,185.17,1.0,0.0054,0.45,-11.942,0.0274,15.2,LANE_SURFACE_UNSTRUCTURE,0.0,-1.0,True
pg:scenarionet_v1:PGMap-19920399,pg,train,intersection,63.55,1.0,0.0157,0.45,-12.434,0.7723,30.88,LANE_SURFACE_UNSTRUCTURE,0.0,-1.0,True
pg:scenarionet_v1:PGMap-19921150,pg,train,merge_or_roundabout,48.77,1.0,0.0205,0.45,17.947,0.0301,14.82,LANE_SURFACE_STREET,47.43,20.41,False
pg:scenarionet_v1:PGMap-19921512,pg,train,merge_or_roundabout,46.89,1.0,0.0213,0.45,-3.447,0.0119,6.87,LANE_SURFACE_STREET,45.87,19.64,False
pg:scenarionet_v1:PGMap-24920039,pg,train,mixed,59.67,1.0,0.0168,0.45,-8.591,1.2029,23.51,LANE_SURFACE_UNSTRUCTURE,0.0,-1.0,True
pg:scenarionet_v1:PGMap-24920094,pg,train,mixed,56.78,1.0,0.0176,0.45,-13.806,0.019,18.04,LANE_SURFACE_UNSTRUCTURE,0.0,-1.0,True
pg:scenarionet_v1:PGMap-24920366,pg,train,mixed,58.75,1.0,0.017,0.45,-7.484,0.016,20.73,LANE_SURFACE_UNSTRUCTURE,0.0,-1.0,True
pg:scenarionet_v1:PGMap-24921285,pg,train,mixed,214.11,1.0,0.0047,0.45,-7.925,0.4578,28.47,LANE_SURFACE_UNSTRUCTURE,156.27,94.86,False
pg:scenarionet_v1:PGMap-3920184,pg,train,intersection,55.17,1.0,0.0181,0.45,-7.891,0.0103,13.29,LANE_SURFACE_UNSTRUCTURE,0.0,-1.0,True
pg:scenarionet_v1:PGMap-3920348,pg,train,intersection,56.44,1.0,0.0177,0.45,-8.681,0.0191,29.77,LANE_SURFACE_UNSTRUCTURE,0.0,-1.0,True
pg:scenarionet_v1:PGMap-4920093,pg,test,mixed,47.11,1.0,0.0212,0.45,-4.704,0.0126,3.12,LANE_SURFACE_STREET,46.1,19.75,False
pg:scenarionet_v1:PGMap-5000429,pg,validation,intersection,64.29,1.0,0.0156,0.45,-16.171,0.5555,11.72,LANE_SURFACE_UNSTRUCTURE,0.0,-1.0,True
pg:scenarionet_v1:PGMap-6000309,pg,train,mixed,60.19,1.0,0.0166,0.45,-8.719,1.4187,24.28,LANE_SURFACE_UNSTRUCTURE,0.0,-1.0,True
pg:scenarionet_v1:PGMap-9920214,pg,train,mixed,61.12,1.0,0.0164,0.45,-13.444,1.3428,26.08,LANE_SURFACE_UNSTRUCTURE,0.0,-1.0,True
pg:scenarionet_v1:PGMap-9920433,pg,train,mixed,62.85,1.0,0.0159,0.45,-11.965,1.4541,29.01,LANE_SURFACE_UNSTRUCTURE,0.0,-1.0,True
waymo:training_20s:1a57a7a789294d1b,waymo,train,intersection,43.22,1.0,0.0231,0.45,17.234,0.7918,12.33,LANE_SURFACE_STREET,43.06,18.38,False
waymo:training_20s:4f20919aca2749f3,waymo,train,intersection,21.89,1.0,0.0457,0.45,-12.315,0.1554,6.98,LANE_SURFACE_STREET,21.8,8.81,True
waymo:training_20s:9473dddf2dfa0325,waymo,validation,intersection,120.2,1.0,0.0083,0.45,-5.14,0.95,10.42,LANE_SURFACE_STREET,119.84,52.93,False
waymo:training_20s:c7481d80b0319fcc,waymo,train,intersection,13.78,1.0,0.0726,0.45,-9.034,0.0139,3.86,LANE_SURFACE_STREET,14.01,5.39,True
pg:scenarionet_v1:PGMap-13920259,pg,test,intersection,65.8,0.0,0.0,0.0,-7.556,0.0121,9.62,LANE_SURFACE_UNSTRUCTURE,0.0,-1.0,True
pg:scenarionet_v1:PGMap-13920285,pg,train,intersection,199.28,0.0,0.0,0.0,-7.125,1.3901,22.21,LANE_SURFACE_UNSTRUCTURE,149.62,88.22,False
pg:scenarionet_v1:PGMap-14920065,pg,train,mixed,69.78,0.0,0.0,0.0,-12.789,0.0152,38.36,LANE_SURFACE_UNSTRUCTURE,0.0,-1.0,True
pg:scenarionet_v1:PGMap-14920120,pg,train,intersection,62.89,0.0,0.0,0.0,-6.967,0.8492,25.78,LANE_SURFACE_UNSTRUCTURE,0.0,-1.0,True
pg:scenarionet_v1:PGMap-14920532,pg,train,intersection,60.51,0.0,0.0,0.0,22.234,0.0101,34.66,LANE_SURFACE_UNSTRUCTURE,0.0,-1.0,True
pg:scenarionet_v1:PGMap-14920892,pg,train,mixed,145.03,0.0,0.0,0.0,20.426,0.0193,27.56,LANE_SURFACE_UNSTRUCTURE,125.1,63.61,False
pg:scenarionet_v1:PGMap-14920909,pg,train,mixed,187.57,0.0,0.0,0.0,4.338,0.0124,4.3,LANE_SURFACE_STREET,170.11,82.96,False
pg:scenarionet_v1:PGMap-19920065,pg,train,mixed,104.11,0.0,0.0,0.0,-15.179,0.4323,33.77,LANE_SURFACE_UNSTRUCTURE,0.0,-1.0,True
pg:scenarionet_v1:PGMap-19920092,pg,train,mixed,49.68,0.0,0.0,0.0,8.706,0.0152,10.26,LANE_SURFACE_STREET,48.47,20.86,False
pg:scenarionet_v1:PGMap-19920321,pg,train,mixed,246.75,0.0,0.0,0.0,-12.165,0.0138,14.89,LANE_SURFACE_UNSTRUCTURE,168.68,109.6,False
pg:scenarionet_v1:PGMap-19920561,pg,train,mixed,56.48,0.0,0.0,0.0,-12.941,0.0389,12.72,LANE_SURFACE_UNSTRUCTURE,0.0,-1.0,True
pg:scenarionet_v1:PGMap-19920612,pg,train,intersection,206.89,0.0,0.0,0.0,-11.832,1.2052,13.34,LANE_SURFACE_UNSTRUCTURE,0.0,-1.0,True
pg:scenarionet_v1:PGMap-19920766,pg,train,merge_or_roundabout,47.38,0.0,0.0,0.0,-3.112,0.0172,12.78,LANE_SURFACE_STREET,46.31,19.85,False
pg:scenarionet_v1:PGMap-19920906,pg,test,mixed,60.1,0.0,0.0,0.0,-11.787,1.2489,8.62,LANE_SURFACE_UNSTRUCTURE,0.0,-1.0,True
pg:scenarionet_v1:PGMap-19921152,pg,train,mixed,58.5,0.0,0.0,0.0,21.777,0.0114,31.77,LANE_SURFACE_UNSTRUCTURE,0.0,-1.0,True
pg:scenarionet_v1:PGMap-19921277,pg,train,mixed,62.26,0.0,0.0,0.0,-10.643,0.2957,10.78,LANE_SURFACE_UNSTRUCTURE,0.0,-1.0,True
pg:scenarionet_v1:PGMap-19921546,pg,test,mixed,196.66,0.0,0.0,0.0,-11.93,1.2901,34.71,LANE_SURFACE_UNSTRUCTURE,0.0,-1.0,True
pg:scenarionet_v1:PGMap-19921647,pg,train,mixed,162.68,0.0,0.0,0.0,20.548,0.0101,13.57,LANE_SURFACE_STREET,131.89,71.74,False
pg:scenarionet_v1:PGMap-24920044,pg,train,mixed,124.32,0.0,0.0,0.0,-13.602,0.0106,30.44,LANE_SURFACE_UNSTRUCTURE,0.0,-1.0,True
pg:scenarionet_v1:PGMap-24920178,pg,train,mixed,58.86,0.0,0.0,0.0,-8.47,0.0178,31.76,LANE_SURFACE_UNSTRUCTURE,0.0,-1.0,True
pg:scenarionet_v1:PGMap-24920247,pg,train,mixed,156.82,0.0,0.0,0.0,-13.623,0.0244,13.98,LANE_SURFACE_UNSTRUCTURE,131.76,68.89,False
pg:scenarionet_v1:PGMap-24920342,pg,test,merge_or_roundabout,47.28,0.0,0.0,0.0,-3.66,0.0189,14.23,LANE_SURFACE_STREET,46.22,19.81,False
pg:scenarionet_v1:PGMap-24920415,pg,train,mixed,60.49,0.0,0.0,0.0,21.597,0.0152,33.9,LANE_SURFACE_UNSTRUCTURE,0.0,-1.0,True
pg:scenarionet_v1:PGMap-24921172,pg,train,intersection,66.47,0.0,0.0,0.0,-13.95,0.0126,31.29,LANE_SURFACE_UNSTRUCTURE,0.0,-1.0,True
pg:scenarionet_v1:PGMap-24921249,pg,train,intersection,54.69,0.0,0.0,0.0,-11.831,0.0114,11.09,LANE_SURFACE_UNSTRUCTURE,53.44,23.15,False
pg:scenarionet_v1:PGMap-24921331,pg,train,mixed,58.59,0.0,0.0,0.0,-10.704,0.7074,23.85,LANE_SURFACE_UNSTRUCTURE,0.0,-1.0,True
pg:scenarionet_v1:PGMap-24921340,pg,train,mixed,59.25,0.0,0.0,0.0,-14.948,0.0196,33.49,LANE_SURFACE_UNSTRUCTURE,0.0,-1.0,True
pg:scenarionet_v1:PGMap-24921601,pg,train,merge_or_roundabout,49.7,0.0,0.0,0.0,8.47,0.0142,9.86,LANE_SURFACE_STREET,48.48,20.87,False
pg:scenarionet_v1:PGMap-24921644,pg,train,mixed,62.03,0.0,0.0,0.0,-10.993,1.7879,9.9,LANE_SURFACE_UNSTRUCTURE,0.0,-1.0,True
pg:scenarionet_v1:PGMap-24921661,pg,train,merge_or_roundabout,95.84,0.0,0.0,0.0,11.779,0.1373,6.02,LANE_SURFACE_STREET,94.44,41.57,False
pg:scenarionet_v1:PGMap-24921666,pg,train,mixed,60.23,0.0,0.0,0.0,-16.188,0.012,36.45,LANE_SURFACE_UNSTRUCTURE,0.0,-1.0,True
pg:scenarionet_v1:PGMap-24921717,pg,train,merge_or_roundabout,243.96,0.0,0.0,0.0,-3.624,0.022,10.8,LANE_SURFACE_STREET,0.0,-1.0,True
pg:scenarionet_v1:PGMap-29920330,pg,train,intersection,62.4,0.0,0.0,0.0,-10.572,0.1947,31.12,LANE_SURFACE_UNSTRUCTURE,0.0,-1.0,True
pg:scenarionet_v1:PGMap-29920451,pg,train,mixed,110.86,0.0,0.0,0.0,-12.608,0.0257,34.05,LANE_SURFACE_UNSTRUCTURE,0.0,-1.0,True
pg:scenarionet_v1:PGMap-29920464,pg,train,intersection,60.87,0.0,0.0,0.0,27.197,0.0325,36.39,LANE_SURFACE_UNSTRUCTURE,0.0,-1.0,True
pg:scenarionet_v1:PGMap-29920522,pg,train,mixed,61.19,0.0,0.0,0.0,-6.732,0.5984,28.54,LANE_SURFACE_UNSTRUCTURE,0.0,-1.0,True
pg:scenarionet_v1:PGMap-29920540,pg,train,mixed,58.21,0.0,0.0,0.0,-13.634,0.0147,30.62,LANE_SURFACE_UNSTRUCTURE,0.0,-1.0,True
pg:scenarionet_v1:PGMap-29920728,pg,train,mixed,305.78,0.0,0.0,0.0,9.304,0.0222,10.02,LANE_SURFACE_STREET,199.45,136.1,False
pg:scenarionet_v1:PGMap-29921034,pg,train,intersection,60.0,0.0,0.0,0.0,22.698,0.0607,36.41,LANE_SURFACE_UNSTRUCTURE,0.0,-1.0,True
pg:scenarionet_v1:PGMap-29921485,pg,test,mixed,51.77,0.0,0.0,0.0,10.982,0.0159,15.64,LANE_SURFACE_STREET,50.55,21.83,False
pg:scenarionet_v1:PGMap-3920015,pg,train,intersection,123.41,0.0,0.0,0.0,-18.322,0.0307,39.51,LANE_SURFACE_UNSTRUCTURE,0.0,-1.0,True
pg:scenarionet_v1:PGMap-4920060,pg,train,merge_or_roundabout,192.18,0.0,0.0,0.0,8.549,1.5695,4.04,LANE_SURFACE_STREET,190.99,85.01,False
pg:scenarionet_v1:PGMap-4920105,pg,train,mixed,60.88,0.0,0.0,0.0,-7.101,0.9351,27.69,LANE_SURFACE_UNSTRUCTURE,0.0,-1.0,True
pg:scenarionet_v1:PGMap-4920187,pg,train,merge_or_roundabout,46.03,0.0,0.0,0.0,-3.363,0.0139,3.39,LANE_SURFACE_STREET,45.02,19.26,False
pg:scenarionet_v1:PGMap-5000038,pg,train,intersection,55.92,0.0,0.0,0.0,-11.928,0.019,14.12,LANE_SURFACE_UNSTRUCTURE,0.0,-1.0,True
pg:scenarionet_v1:PGMap-5000137,pg,test,intersection,64.71,0.0,0.0,0.0,-12.098,1.5919,34.51,LANE_SURFACE_UNSTRUCTURE,0.0,-1.0,True
pg:scenarionet_v1:PGMap-5000141,pg,test,intersection,65.05,0.0,0.0,0.0,-11.726,1.0093,35.56,LANE_SURFACE_UNSTRUCTURE,0.0,-1.0,True
pg:scenarionet_v1:PGMap-5000312,pg,train,intersection,59.62,0.0,0.0,0.0,-15.437,0.0111,14.81,LANE_SURFACE_UNSTRUCTURE,0.0,-1.0,True
pg:scenarionet_v1:PGMap-5000398,pg,validation,intersection,63.59,0.0,0.0,0.0,-11.415,1.0346,32.71,LANE_SURFACE_UNSTRUCTURE,0.0,-1.0,True
pg:scenarionet_v1:PGMap-5000441,pg,train,intersection,62.08,0.0,0.0,0.0,-14.033,1.1305,10.24,LANE_SURFACE_UNSTRUCTURE,0.0,-1.0,True
pg:scenarionet_v1:PGMap-6000124,pg,train,mixed,59.83,0.0,0.0,0.0,-16.178,0.0148,35.55,LANE_SURFACE_UNSTRUCTURE,0.0,-1.0,True
pg:scenarionet_v1:PGMap-6000175,pg,test,merge_or_roundabout,277.11,0.0,0.0,0.0,7.05,0.561,4.5,LANE_SURFACE_STREET,187.2,123.64,False
pg:scenarionet_v1:PGMap-6000213,pg,train,mixed,184.78,0.0,0.0,0.0,24.813,0.0118,33.87,LANE_SURFACE_UNSTRUCTURE,0.0,-1.0,True
pg:scenarionet_v1:PGMap-6000371,pg,validation,intersection,58.94,0.0,0.0,0.0,-14.583,0.0105,33.14,LANE_SURFACE_UNSTRUCTURE,0.0,-1.0,True
pg:scenarionet_v1:PGMap-8920265,pg,train,intersection,59.08,0.0,0.0,0.0,-7.359,1.4163,24.08,LANE_SURFACE_UNSTRUCTURE,0.0,-1.0,True
pg:scenarionet_v1:PGMap-9920377,pg,train,intersection,133.9,0.0,0.0,0.0,-13.884,0.8571,10.19,LANE_SURFACE_UNSTRUCTURE,0.0,-1.0,True
waymo:training_20s:10555184941e6da0,waymo,train,intersection,71.64,0.0,0.0,0.0,9.21,1.6714,8.52,LANE_SURFACE_STREET,65.42,31.31,False
waymo:training_20s:293f646676e9f183,waymo,train,intersection,74.79,0.0,0.0,0.0,7.377,0.1808,6.98,LANE_SURFACE_STREET,71.17,32.62,False
waymo:training_20s:489e04bbb352147a,waymo,test,intersection,36.05,0.0,0.0,0.0,-7.368,0.9035,32.91,LANE_SURFACE_STREET,35.73,15.08,False
waymo:training_20s:70ce8963e5d240e7,waymo,train,intersection,44.72,0.0,0.0,0.0,-11.125,0.4805,34.56,LANE_SURFACE_STREET,44.23,18.91,False
waymo:training_20s:8d3d6365ca47a4e5,waymo,train,intersection,26.74,0.0,0.0,0.0,-10.31,0.1493,10.89,LANE_SURFACE_STREET,26.49,10.92,False
waymo:training_20s:c31bb61be6827323,waymo,test,intersection,84.7,0.0,0.0,0.0,7.695,0.9353,3.76,LANE_SURFACE_STREET,84.21,36.92,False
waymo:training_20s:d1943e0e579545c4,waymo,train,intersection,42.2,0.0,0.0,0.0,3.182,0.3401,6.8,LANE_SURFACE_STREET,41.95,17.88,False
waymo:training_20s:d7ab5e6f5d122af5,waymo,train,intersection,61.03,0.0,0.0,0.0,5.166,0.7734,4.32,LANE_SURFACE_STREET,60.93,26.42,False
waymo:training_20s:ecc817537d69b48b,waymo,test,merge_or_roundabout,19.55,0.0,0.0,0.0,4.813,0.2361,7.09,LANE_SURFACE_STREET,19.8,8.34,False
